"2121routing number","US-BOA","PAYMENTSACCOUNTNUMBER","Bank account 1","Mary M Holiday",""
"","2020-7-4","2027-1-1","","{EBFDFF7A-CDEA-4F20-BE74-314FD2823C2A}","K7166really long drivers license #","","NO_TYPE","US-0-NJ"
"","{EBFDFF7A-CDEA-4F20-BE74-314FD2823C2A}","","NO_TYPE","","111-48-1111"
"marys address","","118 Stony Brook ROad","Branchburg","08876","New Jersey","us"
"maryhoiday456@gmail.om"
"Mary M Holiday","born in Mineola","maryholiday456@gmail.com","November 20, 1963",""
"Mickey Mouse","","mickey@disney.com","August 1, 1940",""
"Cell","9995551212","Phone","1"
"","isagenix.com","magsK123","","","Freedom1",""
"","lego.com","margy123","","","robby123",""
"","doterra.com","3984284","","","Margysmiles1",""
"","yahoo.com","","margyk123@yahoo.com","","",""
"","lifeway.com","","margyk123@yahoo.com","","margy123",""
"","dropbox.com","","mkramer@zetetic.net","","",""
"","homedepot.com","","margyk123@yahoo.com","","robby123",""
"","google.com","","mkramer@zetetic.net","","",""
"1password.com","1password.com","","maryholiday456@gmail.com","","z1z2z3z4z5",""
"","live.com","","margyk123@yahoo.com","","",""
"","slack.com","","mkramer@zetetic.net","","",""